Subject,Subject
100206,100206
100307,100307
100408,100408
100610,100610
101006,101006
101107,101107
101309,101309
101915,101915
102008,102008
102109,102109
102311,102311
102513,102513
102614,102614
102715,102715
102816,102816
103111,103111
103212,103212
103414,103414
103515,103515
103818,103818
104012,104012
104416,104416
104820,104820
105115,105115
105216,105216
105620,105620
105923,105923
106016,106016
106319,106319
106521,106521
106824,106824
107018,107018
107321,107321
107422,107422
107725,107725
108020,108020
108121,108121
108323,108323
108525,108525
108828,108828
109123,109123
109325,109325
110007,110007
110411,110411
110613,110613
111009,111009
111211,111211
111312,111312
111413,111413
111514,111514
111716,111716
112112,112112
112314,112314
112516,112516
112920,112920
113215,113215
113316,113316
113619,113619
113922,113922
114217,114217
114318,114318
114419,114419
114621,114621
114823,114823
114924,114924
115017,115017
115219,115219
115320,115320
115724,115724
115825,115825
116524,116524
116726,116726
117021,117021
117122,117122
117324,117324
117930,117930
118023,118023
118124,118124
118225,118225
118528,118528
118730,118730
118831,118831
118932,118932
119025,119025
119732,119732
119833,119833
120111,120111
120212,120212
120414,120414
120515,120515
120717,120717
121416,121416
121618,121618
121921,121921
122317,122317
122620,122620
122822,122822
123117,123117
123420,123420
123723,123723
123824,123824
123925,123925
124220,124220
124422,124422
124624,124624
124826,124826
125222,125222
125525,125525
126325,126325
126426,126426
126628,126628
127226,127226
127327,127327
127630,127630
127731,127731
127832,127832
127933,127933
128026,128026
128127,128127
128632,128632
128935,128935
129028,129028
129129,129129
129331,129331
129634,129634
130013,130013
130114,130114
130316,130316
130417,130417
130518,130518
130619,130619
130720,130720
130821,130821
130922,130922
131217,131217
131419,131419
131722,131722
131823,131823
131924,131924
132017,132017
132118,132118
133625,133625
133928,133928
134021,134021
134223,134223
134324,134324
134425,134425
134627,134627
134728,134728
134829,134829
135124,135124
135528,135528
135629,135629
135730,135730
135932,135932
136126,136126
136227,136227
136732,136732
136833,136833
137027,137027
137128,137128
137229,137229
137532,137532
137633,137633
138130,138130
138231,138231
138332,138332
138534,138534
139233,139233
139435,139435
139637,139637
139839,139839
140117,140117
140824,140824
140925,140925
141119,141119
141422,141422
141826,141826
142828,142828
143224,143224
143325,143325
143426,143426
143830,143830
144125,144125
144226,144226
144428,144428
144832,144832
144933,144933
145127,145127
145632,145632
145834,145834
146331,146331
146432,146432
146533,146533
146735,146735
146836,146836
146937,146937
147636,147636
147737,147737
148032,148032
148133,148133
148335,148335
148436,148436
148840,148840
148941,148941
149236,149236
149337,149337
149539,149539
149741,149741
149842,149842
150423,150423
150625,150625
150726,150726
150928,150928
151223,151223
151425,151425
151526,151526
151627,151627
151728,151728
151829,151829
151930,151930
152225,152225
152427,152427
152831,152831
153025,153025
153126,153126
153227,153227
153429,153429
153631,153631
153732,153732
153833,153833
153934,153934
154229,154229
154431,154431
154734,154734
154835,154835
154936,154936
155635,155635
155938,155938
156031,156031
156233,156233
156334,156334
156435,156435
156536,156536
157336,157336
157437,157437
157942,157942
158035,158035
158136,158136
158338,158338
158540,158540
158843,158843
159138,159138
159239,159239
159441,159441
159744,159744
159946,159946
160123,160123
160729,160729
161327,161327
161630,161630
161731,161731
162026,162026
162228,162228
162329,162329
162733,162733
162935,162935
163331,163331
163432,163432
163836,163836
164030,164030
164636,164636
164939,164939
165436,165436
165638,165638
165840,165840
165941,165941
166438,166438
167036,167036
167238,167238
167440,167440
167743,167743
168139,168139
168947,168947
169040,169040
169343,169343
169444,169444
169545,169545
169747,169747
169949,169949
170631,170631
171330,171330
171431,171431
171633,171633
172332,172332
172433,172433
172534,172534
172938,172938
173334,173334
173435,173435
173536,173536
173738,173738
173839,173839
173940,173940
174841,174841
175136,175136
175237,175237
175338,175338
175439,175439
175540,175540
175742,175742
176037,176037
176239,176239
176441,176441
176542,176542
176744,176744
176845,176845
177140,177140
177645,177645
177746,177746
178142,178142
178243,178243
178647,178647
178748,178748
178849,178849
178950,178950
179346,179346
180129,180129
180230,180230
180432,180432
180533,180533
180735,180735
180836,180836
180937,180937
181131,181131
181232,181232
181636,181636
182436,182436
182739,182739
182840,182840
183337,183337
185038,185038
185139,185139
185442,185442
185846,185846
186040,186040
186141,186141
186444,186444
186545,186545
186848,186848
187143,187143
187345,187345
187547,187547
187850,187850
188145,188145
188347,188347
188448,188448
188549,188549
188751,188751
189349,189349
189450,189450
189652,189652
191033,191033
191235,191235
191336,191336
191437,191437
191841,191841
191942,191942
192035,192035
192237,192237
192439,192439
192843,192843
193239,193239
193845,193845
194140,194140
194443,194443
194645,194645
194746,194746
195041,195041
195445,195445
195647,195647
195849,195849
195950,195950
196144,196144
196750,196750
196952,196952
197550,197550
198047,198047
198249,198249
198451,198451
198855,198855
199150,199150
199352,199352
199655,199655
199958,199958
200008,200008
200109,200109
200311,200311
200513,200513
201111,201111
201414,201414
201515,201515
201818,201818
202113,202113
202719,202719
202820,202820
203418,203418
204016,204016
204319,204319
204420,204420
204521,204521
204622,204622
205119,205119
205220,205220
205725,205725
205826,205826
206222,206222
206323,206323
206727,206727
206828,206828
206929,206929
207123,207123
207426,207426
208024,208024
208125,208125
208226,208226
208327,208327
208630,208630
209127,209127
209228,209228
209329,209329
209834,209834
209935,209935
210011,210011
210415,210415
210617,210617
211114,211114
211316,211316
211417,211417
211821,211821
211922,211922
212015,212015
212116,212116
212217,212217
212318,212318
212419,212419
212823,212823
213017,213017
213421,213421
213522,213522
214019,214019
214423,214423
214524,214524
214625,214625
214726,214726
217126,217126
219231,219231
220721,220721
221319,221319
224022,224022
227533,227533
228434,228434
231928,231928
233326,233326
238033,238033
245333,245333
246133,246133
248339,248339
249947,249947
250427,250427
250932,250932
251833,251833
255639,255639
255740,255740
256540,256540
257542,257542
257845,257845
257946,257946
263436,263436
268749,268749
268850,268850
270332,270332
274542,274542
275645,275645
280941,280941
281135,281135
283543,283543
285345,285345
286347,286347
286650,286650
290136,290136
293748,293748
295146,295146
297655,297655
298051,298051
298455,298455
299154,299154
299760,299760
300719,300719
303624,303624
305830,305830
307127,307127
308129,308129
309636,309636
310621,310621
314225,314225
316633,316633
316835,316835
317332,317332
318637,318637
320826,320826
321323,321323
322224,322224
325129,325129
329440,329440
329844,329844
330324,330324
333330,333330
334635,334635
336841,336841
339847,339847
341834,341834
342129,342129
346137,346137
346945,346945
348545,348545
349244,349244
350330,350330
352132,352132
352738,352738
353740,353740
356948,356948
358144,358144
360030,360030
361234,361234
361941,361941
365343,365343
366042,366042
366446,366446
368551,368551
368753,368753
371843,371843
377451,377451
378756,378756
379657,379657
380036,380036
381038,381038
381543,381543
382242,382242
385046,385046
385450,385450
386250,386250
387959,387959
389357,389357
390645,390645
391748,391748
392447,392447
392750,392750
393550,393550
394956,394956
395251,395251
395756,395756
395958,395958
397154,397154
397760,397760
401422,401422
406432,406432
406836,406836
412528,412528
413934,413934
415837,415837
419239,419239
422632,422632
424939,424939
429040,429040
432332,432332
433839,433839
436239,436239
436845,436845
441939,441939
445543,445543
448347,448347
449753,449753
453542,453542
454140,454140
456346,456346
459453,459453
461743,461743
463040,463040
465852,465852
467351,467351
469961,469961
475855,475855
479762,479762
481042,481042
481951,481951
485757,485757
495255,495255
497865,497865
499566,499566
500222,500222
506234,506234
510225,510225
512835,512835
513130,513130
516742,516742
517239,517239
518746,518746
519647,519647
519950,519950
520228,520228
522434,522434
523032,523032
524135,524135
525541,525541
529549,529549
530635,530635
531536,531536
531940,531940
536647,536647
540436,540436
541640,541640
541943,541943
545345,545345
547046,547046
548250,548250
552241,552241
552544,552544
555348,555348
555651,555651
555954,555954
557857,557857
558657,558657
558960,558960
559053,559053
559457,559457
561242,561242
561444,561444
561949,561949
562446,562446
566454,566454
567052,567052
567759,567759
567961,567961
568963,568963
570243,570243
571144,571144
573249,573249
573451,573451
578057,578057
579867,579867
580044,580044
580347,580347
580650,580650
580751,580751
581450,581450
583858,583858
585256,585256
585862,585862
587664,587664
588565,588565
590047,590047
592455,592455
594156,594156
597869,597869
599065,599065
599469,599469
599671,599671
601127,601127
604537,604537
609143,609143
611938,611938
613538,613538
615441,615441
615744,615744
616645,616645
617748,617748
618952,618952
620434,620434
622236,622236
623844,623844
626648,626648
627549,627549
627852,627852
628248,628248
633847,633847
634748,634748
635245,635245
638049,638049
644246,644246
645450,645450
645551,645551
647858,647858
654350,654350
654552,654552
654754,654754
656253,656253
657659,657659
662551,662551
663755,663755
664757,664757
665254,665254
667056,667056
668361,668361
671855,671855
672756,672756
673455,673455
675661,675661
677766,677766
677968,677968
679568,679568
679770,679770
680250,680250
680452,680452
680957,680957
683256,683256
685058,685058
686969,686969
687163,687163
690152,690152
693764,693764
695768,695768
698168,698168
700634,700634
702133,702133
704238,704238
705341,705341
707749,707749
709551,709551
713239,713239
715041,715041
715647,715647
715950,715950
720337,720337
724446,724446
725751,725751
727553,727553
727654,727654
728454,728454
729254,729254
729557,729557
731140,731140
732243,732243
734045,734045
735148,735148
737960,737960
742549,742549
744553,744553
748258,748258
748662,748662
749058,749058
749361,749361
751348,751348
751550,751550
753251,753251
756055,756055
759869,759869
761957,761957
763557,763557
765864,765864
767464,767464
769064,769064
770352,770352
771354,771354
773257,773257
774663,774663
779370,779370
782561,782561
783462,783462
788674,788674
788876,788876
789373,789373
792564,792564
792766,792766
793465,793465
800941,800941
802844,802844
803240,803240
804646,804646
809252,809252
810843,810843
812746,812746
814548,814548
814649,814649
815247,815247
816653,816653
818455,818455
818859,818859
820745,820745
825048,825048
825553,825553
825654,825654
826353,826353
826454,826454
827052,827052
828862,828862
832651,832651
833148,833148
833249,833249
835657,835657
837560,837560
837964,837964
841349,841349
844961,844961
849264,849264
849971,849971
852455,852455
856766,856766
856968,856968
857263,857263
865363,865363
867468,867468
869472,869472
870861,870861
871762,871762
871964,871964
872158,872158
872562,872562
872764,872764
873968,873968
877168,877168
878776,878776
878877,878877
882161,882161
884064,884064
885975,885975
886674,886674
887373,887373
888678,888678
889579,889579
891667,891667
894067,894067
894673,894673
894774,894774
896879,896879
899885,899885
901038,901038
901139,901139
901442,901442
902242,902242
904044,904044
905147,905147
908860,908860
910241,910241
910443,910443
911849,911849
912447,912447
917255,917255
917558,917558
919966,919966
922854,922854
923755,923755
926862,926862
927359,927359
930449,930449
932554,932554
933253,933253
937160,937160
942658,942658
951457,951457
952863,952863
955465,955465
957974,957974
958976,958976
959574,959574
962058,962058
965367,965367
966975,966975
969476,969476
970764,970764
971160,971160
978578,978578
979984,979984
983773,983773
984472,984472
987074,987074
987983,987983
989987,989987
990366,990366
991267,991267
992673,992673
992774,992774
993675,993675
994273,994273
996782,996782
